Date,Draw Number,Numbers
"Friday December 06, 2024",5677,V 0 5 7 7 7 3
"Thursday December 05, 2024",5676,S 2 6 9 9 0 2
"Wednesday December 04, 2024",5675,J 6 8 8 1 1 9
"Tuesday December 03, 2024",5674,M 6 0 6 2 1 3
"Monday December 02, 2024",5673,Z 3 0 1 1 0 5
"Sunday December 01, 2024",5672,L 2 5 4 8 1 3
"Saturday November 30, 2024",5671,F 3 1 5 0 6 8
"Friday November 29, 2024",5670,B 5 2 7 9 7 9
"Thursday November 28, 2024",5669,E 1 0 1 6 5 6
"Wednesday November 27, 2024",5668,Y 3 4 8 7 6 8
"Tuesday November 26, 2024",5667,X 4 7 1 4 2 3
"Monday November 25, 2024",5666,K 4 9 4 4 6 7
"Sunday November 24, 2024",5665,K 7 0 7 7 2 8
"Saturday November 23, 2024",5664,B 0 0 4 9 3 8
"Friday November 22, 2024",5663,P 8 0 4 1 5 5
"Thursday November 21, 2024",5662,Q 8 2 1 1 6 2
"Wednesday November 20, 2024",5661,E 4 5 6 9 5 6
"Tuesday November 19, 2024",5660,X 6 7 8 1 0 4
"Monday November 18, 2024",5659,V 7 1 9 0 3 5
"Sunday November 17, 2024",5658,G 9 9 6 1 3 5
"Saturday November 16, 2024",5657,R 7 0 6 3 1 3
"Thursday November 14, 2024",5656,T 0 0 7 8 2 6
"Wednesday November 13, 2024",5655,H 1 7 7 0 1 3
"Tuesday November 12, 2024",5654,U 0 2 4 5 2 5
"Monday November 11, 2024",5653,X 3 9 1 3 6 4
"Sunday November 10, 2024",5652,M 3 0 9 6 1 9
"Saturday November 09, 2024",5651,V 0 4 3 7 3 9
"Friday November 08, 2024",5650,T 9 9 9 1 6 2
"Thursday November 07, 2024",5649,K 2 0 1 1 5 4
"Wednesday November 06, 2024",5648,L 9 6 2 4 1 5
"Tuesday November 05, 2024",5647,E 3 5 3 3 0 8
"Monday November 04, 2024",5646,A 9 5 3 2 0 4
"Sunday November 03, 2024",5645,C 7 4 3 0 3 3
"Saturday November 02, 2024",5644,J 8 2 6 9 2 4
"Friday November 01, 2024",5643,U 9 0 8 2 1 0
"Thursday October 31, 2024",5642,G 0 7 8 5 3 4
"Wednesday October 30, 2024",5641,W 9 7 1 9 1 9
"Tuesday October 29, 2024",5640,P 9 1 4 3 0 1
"Monday October 28, 2024",5639,L 5 3 9 4 9 0
"Sunday October 27, 2024",5638,J 2 3 4 4 5 8
"Saturday October 26, 2024",5637,C 7 9 1 6 1 6
"Friday October 25, 2024",5636,K 6 1 7 0 9 0
"Thursday October 24, 2024",5635,C 3 8 3 6 2 5
"Wednesday October 23, 2024",5634,C 5 4 9 2 4 0
"Tuesday October 22, 2024",5633,U 2 7 4 3 4 7
"Monday October 21, 2024",5632,O 2 0 1 6 6 9
"Sunday October 20, 2024",5631,F 1 8 6 6 3 6
"Saturday October 19, 2024",5630,U 5 1 7 7 1 3
"Friday October 18, 2024",5629,F 8 0 6 3 4 6
"Thursday October 17, 2024",5628,X 5 7 8 4 7 2
"Wednesday October 16, 2024",5627,R 8 9 8 5 6 6
"Tuesday October 15, 2024",5626,N 4 4 2 3 1 9
"Monday October 14, 2024",5625,D 4 0 3 4 1 7
"Sunday October 13, 2024",5624,C 4 4 5 0 7 0
"Saturday October 12, 2024",5623,G 8 0 3 7 8 6
"Friday October 11, 2024",5622,G 0 7 5 8 4 3
"Thursday October 10, 2024",5621,X 7 4 7 8 9 8
"Wednesday October 09, 2024",5620,W 3 4 8 1 6 0
"Tuesday October 08, 2024",5619,S 9 7 5 3 3 0
"Monday October 07, 2024",5618,T 3 8 0 2 6 0
"Sunday October 06, 2024",5617,Y 9 5 2 7 6 0
"Saturday October 05, 2024",5616,J 4 6 6 2 8 0
"Friday October 04, 2024",5615,U 7 4 8 7 7 7
"Thursday October 03, 2024",5614,C 3 4 8 1 8 8
"Wednesday October 02, 2024",5613,G 7 6 4 3 0 2
"Tuesday October 01, 2024",5612,V 8 6 6 5 1 8
"Monday September 30, 2024",5611,K 2 4 9 4 7 8
"Sunday September 29, 2024",5610,X 6 3 9 4 8 2
"Saturday September 28, 2024",5609,W 3 4 0 1 3 3
"Friday September 27, 2024",5608,E 9 6 8 1 2 5
"Thursday September 26, 2024",5607,B 3 6 0 8 3 4
"Wednesday September 25, 2024",5606,K 5 3 7 7 8 0
"Tuesday September 24, 2024",5605,R 9 5 1 3 0 4
"Monday September 23, 2024",5604,U 0 4 9 4 1 0
"Saturday September 21, 2024",5603,U 1 5 6 4 1 3
"Friday September 20, 2024",5602,B 4 4 1 7 4 6
"Thursday September 19, 2024",5601,R 7 0 4 9 9 3
"Wednesday September 18, 2024",5600,D 0 0 1 4 3 4
"Tuesday September 17, 2024",5599,Z 6 5 6 6 5 6
"Monday September 16, 2024",5598,K 7 5 2 1 9 0
"Sunday September 15, 2024",5597,A 6 4 7 5 2 9
"Saturday September 14, 2024",5596,M 6 4 0 5 1 0
"Friday September 13, 2024",5595,A 9 1 6 3 0 2
"Thursday September 12, 2024",5594,V 5 9 5 8 0 3
"Wednesday September 11, 2024",5593,G 8 7 2 3 3 0
"Tuesday September 10, 2024",5592,M 9 8 0 0 9 9
"Monday September 09, 2024",5591,V 7 0 4 6 2 6
"Sunday September 08, 2024",5590,R 5 5 1 0 0 0
"Saturday September 07, 2024",5589,T 3 9 3 5 0 8
"Friday September 06, 2024",5588,C 3 2 6 5 8 7
"Thursday September 05, 2024",5587,S 2 0 6 7 3 2
"Wednesday September 04, 2024",5586,Q 8 1 3 9 2 4
"Tuesday September 03, 2024",5585,M 2 2 8 2 8 1
"Monday September 02, 2024",5584,P 0 1 3 0 5 3
"Sunday September 01, 2024",5583,Y 1 7 1 7 0 3
"Saturday August 31, 2024",5582,Y 9 6 9 3 7 6
"Friday August 30, 2024",5581,S 8 9 0 2 8 6
"Thursday August 29, 2024",5580,K 5 2 7 1 3 9
"Wednesday August 28, 2024",5579,J 5 7 2 3 3 7
"Tuesday August 27, 2024",5578,D 8 3 5 3 0 8
"Monday August 26, 2024",5577,D 2 2 8 8 0 6
"Sunday August 25, 2024",5576,G 5 7 6 8 9 4
"Saturday August 24, 2024",5575,U 6 1 1 2 5 5
"Friday August 23, 2024",5574,E 3 9 9 0 8 4
"Thursday August 22, 2024",5573,B 7 6 6 0 5 8
"Wednesday August 21, 2024",5572,T 4 2 2 3 8 2
"Tuesday August 20, 2024",5571,O 7 0 3 7 0 3
"Monday August 19, 2024",5570,Q 5 8 3 6 1 8
"Sunday August 18, 2024",5569,W 4 9 8 2 7 1
"Saturday August 17, 2024",5568,W 6 0 3 1 8 2
"Friday August 16, 2024",5567,R 2 0 4 7 9 1
"Thursday August 15, 2024",5566,F 3 3 3 1 1 8
"Wednesday August 14, 2024",5565,W 7 2 9 5 8 2
"Tuesday August 13, 2024",5564,K 6 7 4 4 6 9
"Monday August 12, 2024",5563,Q 7 4 2 2 6 3
"Sunday August 11, 2024",5562,L 5 8 4 2 1 8
"Saturday August 10, 2024",5561,D 7 7 0 3 5 2
"Friday August 09, 2024",5560,S 2 9 5 7 9 4
"Thursday August 08, 2024",5559,R 2 7 2 2 9 2
"Wednesday August 07, 2024",5558,F 8 2 5 7 5 5
"Tuesday August 06, 2024",5557,W 8 9 2 9 9 9
"Monday August 05, 2024",5556,V 3 8 2 5 3 2
"Sunday August 04, 2024",5555,C 9 6 9 5 4 2
"Saturday August 03, 2024",5554,B 5 5 8 0 5 1
"Friday August 02, 2024",5553,T 4 9 2 7 3 0
"Thursday August 01, 2024",5552,J 5 0 0 7 6 4
"Wednesday July 31, 2024",5551,J 4 8 4 7 4 9
"Tuesday July 30, 2024",5550,C 0 1 0 2 6 2
"Monday July 29, 2024",5549,F 5 6 8 5 7 6
"Sunday July 28, 2024",5548,C 6 0 0 6 8 6
"Saturday July 27, 2024",5547,T 4 9 6 6 5 6
"Friday July 26, 2024",5546,G 5 8 3 9 4 9
"Thursday July 25, 2024",5545,C 7 6 4 8 1 9
"Wednesday July 24, 2024",5544,M 9 5 2 8 7 8
"Tuesday July 23, 2024",5543,G 9 3 5 9 9 3
"Monday July 22, 2024",5542,X 6 6 7 1 4 6
"Sunday July 21, 2024",5541,Q 5 0 5 6 1 0
"Saturday July 20, 2024",5540,C 9 7 2 1 9 7
"Friday July 19, 2024",5539,P 3 8 0 7 9 1
"Thursday July 18, 2024",5538,K 7 4 2 8 2 4
"Wednesday July 17, 2024",5537,W 6 7 9 3 7 8
"Tuesday July 16, 2024",5536,Y 8 5 6 2 7 4
"Monday July 15, 2024",5535,M 0 7 7 7 9 2
"Sunday July 14, 2024",5534,X 5 7 6 5 2 8
"Saturday July 13, 2024",5533,S 1 4 3 5 7 6
"Friday July 12, 2024",5532,V 3 6 5 8 5 0
"Thursday July 11, 2024",5531,C 3 3 1 4 4 0
"Wednesday July 10, 2024",5530,J 5 1 7 3 4 2
"Tuesday July 09, 2024",5529,K 0 6 5 3 6 2
"Monday July 08, 2024",5528,L 7 2 8 1 0 5
"Sunday July 07, 2024",5527,B 2 4 4 5 8 3
"Saturday July 06, 2024",5526,Q 7 9 3 6 7 4
"Friday July 05, 2024",5525,R 2 2 8 3 0 3
"Thursday July 04, 2024",5524,Y 8 3 7 4 2 7
"Wednesday July 03, 2024",5523,R 4 2 7 0 0 0
"Tuesday July 02, 2024",5522,A 7 4 8 0 7 9
"Monday July 01, 2024",5521,Y 2 1 0 8 7 8
"Sunday June 30, 2024",5520,L 9 1 6 5 1 8
"Saturday June 29, 2024",5519,M 9 8 7 0 4 1
"Friday June 28, 2024",5518,W 8 9 3 2 1 0
"Thursday June 27, 2024",5517,K 1 0 3 6 5 2
"Wednesday June 26, 2024",5516,L 1 1 2 9 9 5
"Tuesday June 25, 2024",5515,D 5 2 4 2 5 4
"Monday June 24, 2024",5514,M 0 9 1 9 1 9
"Sunday June 23, 2024",5513,P 0 6 4 2 0 6
"Saturday June 22, 2024",5512,P 3 3 0 3 8 9
"Friday June 21, 2024",5511,Q 3 1 3 4 9 7
"Thursday June 20, 2024",5510,B 1 5 9 0 6 5
"Wednesday June 19, 2024",5509,F 1 7 6 8 2 5
"Tuesday June 18, 2024",5508,E 7 7 8 6 5 4
"Monday June 17, 2024",5507,W 0 0 2 5 7 2
"Sunday June 16, 2024",5506,Y 3 5 8 7 0 9
"Saturday June 15, 2024",5505,H 1 2 3 4 4 3
"Friday June 14, 2024",5504,J 3 3 6 0 9 5
"Thursday June 13, 2024",5503,D 3 7 1 4 0 8
"Wednesday June 12, 2024",5502,D 3 8 3 1 1 1
"Tuesday June 11, 2024",5501,V 6 0 6 3 1 1
"Monday June 10, 2024",5500,P 0 2 3 0 4 2
"Sunday June 09, 2024",5499,W 4 9 7 0 3 2
"Saturday June 08, 2024",5498,B 4 4 6 4 6 4
"Friday June 07, 2024",5497,C 7 3 7 0 9 8
"Thursday June 06, 2024",5496,Y 0 0 6 2 8 6
"Wednesday June 05, 2024",5495,R 7 1 9 4 8 4
"Tuesday June 04, 2024",5494,Y 1 4 6 8 5 5
"Monday June 03, 2024",5493,M 1 2 5 8 0 8
"Sunday June 02, 2024",5492,S 6 6 0 4 9 1
"Saturday June 01, 2024",5491,B 2 2 2 5 9 4
"Friday May 31, 2024",5490,E 5 9 7 1 4 5
"Thursday May 30, 2024",5489,J 4 9 5 5 8 6
"Wednesday May 29, 2024",5488,C 9 4 6 2 4 9
"Tuesday May 28, 2024",5487,R 5 8 8 9 2 7
"Monday May 27, 2024",5486,E 4 5 4 6 5 5
"Sunday May 26, 2024",5485,G 0 5 0 3 7 4
"Saturday May 25, 2024",5484,O 8 7 7 9 4 5
"Wednesday May 22, 2024",5483,Z 1 1 4 3 8 9
"Tuesday May 21, 2024",5482,Q 4 7 8 2 8 7
"Monday May 20, 2024",5481,N 0 0 9 3 8 8
"Sunday May 19, 2024",5480,L 9 4 4 0 0 2
"Saturday May 18, 2024",5479,V 2 2 1 5 9 7
"Friday May 17, 2024",5478,P 3 3 4 2 0 8
"Thursday May 16, 2024",5477,J 6 8 1 3 3 1
"Wednesday May 15, 2024",5476,P 3 5 2 9 9 9
"Tuesday May 14, 2024",5475,W 7 8 5 1 1 4
"Monday May 13, 2024",5474,T 9 3 7 1 5 4
"Sunday May 12, 2024",5473,R 5 4 1 7 3 6
"Saturday May 11, 2024",5472,K 9 7 8 5 6 3
"Friday May 10, 2024",5471,E 6 2 1 7 6 0
"Thursday May 09, 2024",5470,T 6 6 3 6 6 8
"Wednesday May 08, 2024",5469,K 2 6 3 8 8 2
"Tuesday May 07, 2024",5468,T 8 1 3 4 5 9
"Monday May 06, 2024",5467,B 2 5 7 3 6 2
